"EnsemblID","GeneSymbol","Class","Chromosome","baseMean","log2FoldChange","lfcSE","pvalue","padj"
"ENSG00000126550.10","HTN1"," protein_coding","chr4",15.8738603625497,-11.7758124840404,1.09036937023279,3.28090190363097e-05,0.000929935410951804
"ENSG00000197870.12","PRB3"," protein_coding","chr12",570.342300686922,-11.3098853933242,1.16421298884119,2.02843122004997e-11,9.49087364544303e-09
"ENSG00000151365.2","THRSP"," protein_coding","chr11",48.6114161934118,-9.72192495248547,1.17404858977006,2.27238371167996e-05,0.000711672366133332
"ENSG00000157330.10","C1orf158"," protein_coding","chr1",12.3839294146715,-8.62046376924089,1.5033591806374,4.21975537544001e-06,0.000202103023989381
"ENSG00000181378.14","CFAP65"," protein_coding","chr2",12.3146659613045,-8.47040761196773,1.32892074330377,0.000779657173586735,0.00948848084045353
"ENSG00000187533.14","PRR27"," protein_coding","chr4",7.65962599134872,-8.25152529313091,1.00621494694647,2.05978202488475e-05,0.000667136855408092
"ENSG00000178965.14","ERICH3"," protein_coding","chr1",18.2211464211883,-7.82040325928961,1.167743393031,0.00265672998724167,0.0224403821825579
"ENSG00000165309.14","ARMC3"," protein_coding","chr10",14.0239339176838,-7.41109789273856,1.10576819033051,0.00207204702087212,0.018727241024007
"ENSG00000157423.18","HYDIN"," protein_coding","chr16",11.7523931294747,-7.34231203448996,0.923389151566253,0.00262707100599579,0.0222799615925581
"ENSG00000204711.9","C9orf135"," protein_coding","chr9",6.12168307234519,-6.93200550538658,1.35354718271009,0.00731840533308343,0.0455162906738377
"ENSG00000160838.14","LRRC71"," protein_coding","chr1",4.5125948139852,-6.79251206626036,0.739063935448907,0.0042229008636349,0.0310444969702026
"ENSG00000188523.9","CFAP77"," protein_coding","chr9",8.07590009468166,-6.70859604165381,0.781043239770286,0.00039742240632905,0.00583621808000261
"ENSG00000004838.14","ZMYND10"," protein_coding","chr3",38.9991120424246,-6.61717943349527,0.697583461695645,0.00041627167342018,0.00603439070428024
"ENSG00000153822.14","KCNJ16"," protein_coding","chr17",183.720546687763,-6.58338041475964,1.27202885458918,8.5085965579064e-09,1.48314902338198e-06
"ENSG00000160188.10","RSPH1"," protein_coding","chr21",48.9670774519277,-6.47495907075076,0.584568524736772,4.54999820598804e-08,5.60239252788317e-06
"ENSG00000152611.12","CAPSL"," protein_coding","chr5",16.2448723071422,-6.46779479839752,1.24875607855316,0.00750176854591946,0.0463562455093706
"ENSG00000230873.9","STMND1"," protein_coding","chr6",8.36853330685935,-6.26186801077057,0.678305984884446,7.46522779620963e-06,0.000316652681961121
"ENSG00000173702.7","MUC13"," protein_coding","chr3",316.547014712791,-6.19935200126539,1.8965752034366,0.000403742229657644,0.00590337136085477
"ENSG00000131050.11","BPIFA2"," protein_coding","chr20",10.5420925036419,-6.1840334330545,1.45761710148053,0.000268268672635218,0.00434675287205908
"ENSG00000270765.6","GAS2L2"," protein_coding","chr17",13.6959906199723,-6.12518121464242,0.666429775009589,6.2316525827242e-05,0.00149889314215135
"ENSG00000012223.13","LTF"," protein_coding","chr3",81468.0408323569,-6.10390082204818,1.20497015137965,1.19503300218809e-08,1.90285542908619e-06
"ENSG00000103089.9","FA2H"," protein_coding","chr16",1893.31959103265,-6.09236021928636,0.959412918616149,7.71708769185116e-12,4.42146787370281e-09
"ENSG00000164972.13","C9orf24"," protein_coding","chr9",30.4424264583724,-6.01886074015866,0.629873708689796,3.84026301653694e-05,0.00105219746956701
"ENSG00000119915.5","ELOVL3"," protein_coding","chr10",14.0898595146971,-5.92272248208607,0.50429554235451,0.00457932683447053,0.0327234649945376
"ENSG00000187492.9","CDHR4"," protein_coding","chr3",13.5784454709692,-5.64285112137587,0.626505093370076,0.00567425010807616,0.0380279789636228
"ENSG00000162896.6","PIGR"," protein_coding","chr1",34878.19289437,-5.5059500410886,1.48610836539561,4.6183121522858e-06,0.000215755341762624
"ENSG00000156076.10","WIF1"," protein_coding","chr12",405.933833587737,-5.48029062605721,0.857231186177407,6.75794933178368e-12,4.02999045152033e-09
"ENSG00000197748.13","CFAP43"," protein_coding","chr10",35.5198624039914,-5.37756732400521,0.592438085521379,0.00591112362038574,0.0391580783280354
"ENSG00000187288.12","CIDEC"," protein_coding","chr3",249.407605303539,-5.18400794105066,1.14649099435804,1.75667797591789e-07,1.63781995888829e-05
"ENSG00000187905.10","LRRC74B"," protein_coding","chr22",2.53629828750019,-5.1716205818506,0.813425048655692,0.000642940899856904,0.00823500305434841
"ENSG00000127318.11","IL22"," protein_coding","chr12",30.5208117460973,-5.10814399155593,1.25204310419603,1.3537602852904e-06,8.23438231130737e-05
"ENSG00000203985.11","LDLRAD1"," protein_coding","chr1",50.4641895095182,-5.04512060608306,0.950691493318588,4.66969477867121e-05,0.00120970551366037
"ENSG00000101441.4","CST4"," protein_coding","chr20",33.1590812146724,-4.98317845822187,1.32347583464249,3.76091231744863e-06,0.000185068301609071
"ENSG00000250803.6","AC010255.2"," protein_coding","chr5",17.869751119116,-4.8837383044195,0.792772556519961,0.000272354098838435,0.0043988875241494
"ENSG00000198488.10","B3GNT6"," protein_coding","chr11",249.22360846742,-4.79631639757942,0.973556682085483,2.79898865797953e-08,3.71727694563893e-06
"ENSG00000100012.12","SEC14L3"," protein_coding","chr22",3.37970857459943,-4.76443214224279,1.01312798037898,0.00445420042230253,0.0320724181454839
"ENSG00000124664.11","SPDEF"," protein_coding","chr6",900.934054742674,-4.75312647510754,1.444173850245,2.14551830262169e-05,0.000681835403737025
"ENSG00000229453.2","SPINK8"," protein_coding","chr3",18.205774706874,-4.6061352384521,0.907758510219512,2.06065149603561e-08,2.93188234207625e-06
"ENSG00000114638.8","UPK1B"," protein_coding","chr3",1280.79509148117,-4.49142557499659,1.21139910612566,0.000271518733457586,0.00439005807583497
"ENSG00000176136.6","MC5R"," protein_coding","chr18",32.7696978335724,-4.47172007501071,1.10996552473443,1.81600376479524e-06,0.000105048959103884
"ENSG00000124939.6","SCGB2A1"," protein_coding","chr11",58.7525298489788,-4.47130586709077,1.093764500436,1.49652914018519e-06,8.9771086273081e-05
"ENSG00000127324.9","TSPAN8"," protein_coding","chr12",381.227580588658,-4.46310947339627,0.931432258883405,5.51608744874906e-08,6.55315498354708e-06
"ENSG00000215187.12","FAM166B"," protein_coding","chr9",42.2535980806292,-4.46206778478881,0.519705729342996,3.08405794878164e-07,2.50133749567814e-05
"ENSG00000140297.13","GCNT3"," protein_coding","chr15",2347.63677748764,-4.41460792208923,0.611655847008469,2.19017275610687e-14,3.17189162054659e-11
"ENSG00000160180.15","TFF3"," protein_coding","chr21",2363.0001648381,-4.38459221898098,0.966483325088029,1.83306767835198e-07,1.67414676581738e-05
"ENSG00000140835.10","CHST4"," protein_coding","chr16",81.2345104057302,-4.37318487128178,1.08765422545549,1.83774246733979e-06,0.000105854662233343
"ENSG00000157765.13","SLC34A2"," protein_coding","chr4",3144.62652045335,-4.34578038219193,1.41288030398014,4.40952845940367e-05,0.00116311352155979
"ENSG00000062096.15","ARSF"," protein_coding","chrX",195.210298783861,-4.32988611532997,0.834637711305741,7.294778580489e-09,1.30503588804948e-06
"ENSG00000165269.13","AQP7"," protein_coding","chr9",121.262739189442,-4.31941372763814,0.660471059706189,2.2051020579653e-12,1.51602072179237e-09
"ENSG00000198848.13","CES1"," protein_coding","chr16",1751.38469020788,-4.25718059807206,0.803661872845616,4.19314624968414e-09,8.50174379277625e-07
"ENSG00000187889.13","FYB2"," protein_coding","chr1",29.4494761902308,-4.15487245031149,0.983429177293995,1.02587945264873e-06,6.65246733334882e-05
"ENSG00000180251.5","SLC9A4"," protein_coding","chr2",165.217790819923,-4.09743123989858,0.94814758949756,5.31908106221215e-07,3.91693008099415e-05
"ENSG00000103316.12","CRYM"," protein_coding","chr16",529.507226920995,-3.9937482051822,0.639894758963032,1.71101454902099e-11,8.1307946061524e-09
"ENSG00000205364.4","MT1M"," protein_coding","chr16",136.929652847167,-3.95497394154744,0.560953385619524,0.000624946202678477,0.00807755582748003
"ENSG00000100604.13","CHGA"," protein_coding","chr14",46.7837696275163,-3.94554822016477,1.14806327856762,1.59530670976742e-05,0.000553149832444517
"ENSG00000178796.13","RIIAD1"," protein_coding","chr1",7.4222819429128,-3.88615737095547,0.77896483143666,0.000393119404546367,0.00578980167092913
"ENSG00000237515.9","SHISA9"," protein_coding","chr16",38.8414594098923,-3.8453909356116,0.736484197461546,8.59179027423476e-09,1.48467112278581e-06
"ENSG00000112530.11","PACRG"," protein_coding","chr6",40.2103135117477,-3.83227088425251,0.558210346020874,3.60315631521292e-06,0.000180541698986014
"ENSG00000186952.15","TMEM232"," protein_coding","chr5",23.169454734713,-3.7997009970999,0.48556431290651,0.00603655927689547,0.0397638893844969
"ENSG00000267709.1","AC024592.2"," lncRNA","chr19",76.5304948781857,-3.79925320541342,0.961859835982385,2.55611231396282e-06,0.000137348133930303
"ENSG00000157150.5","TIMP4"," protein_coding","chr3",199.993105042533,-3.79058411736329,0.805883152660591,8.6383503924005e-08,9.28332687222885e-06
"ENSG00000179593.16","ALOX15B"," protein_coding","chr17",1451.46610788503,-3.78927674325793,0.755693087373311,5.78783815703498e-05,0.00142761980429769
"ENSG00000184905.9","TCEAL2"," protein_coding","chrX",111.403627223893,-3.78143528233979,0.783646776083877,5.06391047884301e-08,6.08730076652381e-06
"ENSG00000174502.19","SLC26A9"," protein_coding","chr1",1181.15822278558,-3.72690151507192,0.833858732490198,2.62940122966782e-07,2.18135868252147e-05
"ENSG00000149305.7","HTR3B"," protein_coding","chr11",53.4361581851355,-3.68269655676437,0.979376594703418,5.15863076757899e-06,0.000235216548027556
"ENSG00000160808.11","MYL3"," protein_coding","chr3",936.802282802554,-3.68072411677575,1.04373378908524,1.16209153655945e-05,0.00043686884921363
"ENSG00000176387.7","HSD11B2"," protein_coding","chr16",865.554011282905,-3.67495247833263,0.606100541953182,5.11961274443625e-05,0.00129321247837657
"ENSG00000287331.1","AC106045.1"," lncRNA","chr4",20.8292063018461,-3.6592927927725,0.730543453656381,2.0031630471915e-08,2.88730795043768e-06
"ENSG00000177459.11","ERICH5"," protein_coding","chr8",26.2818070373942,-3.59240769333199,0.69502886477642,0.000740727713954546,0.00911316827042864
"ENSG00000158486.13","DNAH3"," protein_coding","chr16",89.1415882022671,-3.54166974244837,0.425192091844942,0.00479720941586478,0.0338430828032232
"ENSG00000135480.16","KRT7"," protein_coding","chr12",5717.09046664002,-3.48971541800104,0.944781897809075,6.47619267802159e-06,0.000282989149305561
"ENSG00000140057.9","AK7"," protein_coding","chr14",88.6772387358504,-3.47541711797136,0.403999103800934,0.000817974063783995,0.00977103110835139
"ENSG00000197177.15","ADGRA1"," protein_coding","chr10",24.8617218394584,-3.47002348223023,0.890424157530306,0.00451320834523868,0.032365056685627
"ENSG00000183196.10","CHST6"," protein_coding","chr16",650.282886233828,-3.46839195817514,0.827602773919369,9.13784665877719e-07,6.01535347258421e-05
"ENSG00000124678.20","TCP11"," protein_coding","chr6",22.0921439472222,-3.40456266232729,0.855201887509123,2.29434261619582e-06,0.000126409134033267
"ENSG00000268628.2","AL121761.1"," lncRNA","chr20",84.3872811693603,-3.36691217452323,0.738670919247983,1.93153953028803e-07,1.72269535878739e-05
"ENSG00000214456.8","PLIN5"," protein_coding","chr19",201.511046437386,-3.30632347923516,0.78981522594907,9.52823301621069e-07,6.20518524030012e-05
"ENSG00000100218.12","RSPH14"," protein_coding","chr22",15.4603541856573,-3.27713929810244,0.463488569322475,0.003054754233764,0.0247223166238625
"ENSG00000203952.9","CCDC160"," protein_coding","chrX",82.783470665132,-3.27353435669747,1.0071618951189,3.28434845294537e-05,0.000930045526065434
"ENSG00000198643.7","FAM3D"," protein_coding","chr3",2901.34134932763,-3.2595086919235,0.879329518819766,6.34461046341535e-06,0.00027843959310801
"ENSG00000185942.13","NKAIN3"," protein_coding","chr8",42.6167691908537,-3.25523211408242,0.706741394040548,1.62947923118249e-07,1.53904819434637e-05
"ENSG00000136457.10","CHAD"," protein_coding","chr17",84.8998650229682,-3.25032262334721,0.889175496625278,8.1284964559314e-06,0.000338183259527007
"ENSG00000019102.12","VSIG2"," protein_coding","chr11",790.106189189542,-3.24968331021873,0.849313003541983,4.08574875972096e-06,0.000196925320173365
"ENSG00000134824.14","FADS2"," protein_coding","chr11",1091.61109395106,-3.24734825928753,0.486815371916356,7.61108050138698e-05,0.00173001338780779
"ENSG00000119147.10","ECRG4"," protein_coding","chr2",158.327307807122,-3.22088047566014,0.834576784543345,3.66074147285519e-06,0.000182939179537138
"ENSG00000268555.2","AC123912.4"," lncRNA","chr19",13.9244667706393,-3.19108074510504,0.566425246746131,1.00307244804701e-09,2.579894840624e-07
"ENSG00000225969.2","ABHD11-AS1"," transcribed_unitary_pseudogene","chr7",90.023202730756,-3.18963596471032,0.845967746892084,5.35865443844386e-06,0.000242251546586183
"ENSG00000215559.8","ANKRD20A11P"," transcribed_unprocessed_pseudogene","chr21",62.0004354831846,-3.16404205644537,0.826486189809547,4.22799459984287e-06,0.000202179244913555
"ENSG00000094755.17","GABRP"," protein_coding","chr5",5869.59164372348,-3.14250240268576,1.17506437720476,0.00016426803583548,0.00307061080139179
"ENSG00000203697.12","CAPN8"," protein_coding","chr1",53.344311467064,-3.09696227750961,0.816079558778992,4.57157030886473e-06,0.000214229842532362
"ENSG00000143520.6","FLG2"," protein_coding","chr1",141.780332252575,-3.07063339989313,1.05306974608384,8.86960716909526e-05,0.00193647572446552
"ENSG00000114771.14","AADAC"," protein_coding","chr3",409.249394516512,-3.06436547749265,1.08903738835222,0.000116870515436724,0.00238025534577539
"ENSG00000164879.7","CA3"," protein_coding","chr8",872.205193290988,-3.02595199092369,0.799044878765789,4.75566547104274e-06,0.000220143156728802
"ENSG00000001626.16","CFTR"," protein_coding","chr7",290.008489580952,-3.00752025052153,0.833470232182493,9.56982900353857e-06,0.000381451126454284
"ENSG00000171811.14","CFAP46"," protein_coding","chr10",50.8466397299102,-2.97811961410929,0.592920926552137,0.0038822593570726,0.0292255331254082
"ENSG00000099960.13","SLC7A4"," protein_coding","chr22",129.214116063562,-2.97719252286437,0.617414325459,5.35618076157589e-08,6.38813825497285e-06
"ENSG00000277639.2","AC007906.2"," protein_coding","chr16",224.200407108265,-2.92689813216168,0.566782508737582,0.00012013146201249,0.00242553973586844
"ENSG00000171533.11","MAP6"," protein_coding","chr11",247.744515059894,-2.92579231753639,0.882267345046153,2.6400518712925e-05,0.00078872197997661
"ENSG00000109906.14","ZBTB16"," protein_coding","chr11",657.589655216417,-2.88612307020744,0.695049791540617,1.11631450836821e-06,7.14746803010577e-05
"ENSG00000092054.13","MYH7"," protein_coding","chr14",15141.357383102,-2.87885357735898,1.43771310126064,0.000712786660040477,0.00887077836677795
"ENSG00000172915.18","NBEA"," protein_coding","chr13",543.161829081972,-2.87386490175362,0.918247398427981,4.8014159083722e-05,0.00123332315896388
"ENSG00000167183.3","PRR15L"," protein_coding","chr17",518.267310853235,-2.75208515835218,0.878781042646302,4.86678612931424e-05,0.00124560707466377
"ENSG00000120885.22","CLU"," protein_coding","chr8",23736.0946607025,-2.67460980918932,0.601132098869637,3.08421254358105e-07,2.50133749567814e-05
"ENSG00000163071.11","SPATA18"," protein_coding","chr4",539.069539082692,-2.6408647552321,0.472928778487452,9.61267981906147e-05,0.00205735701152088
"ENSG00000233834.6","AC005083.1"," lncRNA","chr7",133.496378161318,-2.60257551635321,0.486920274002017,3.77917944448756e-09,7.87234140035617e-07
"ENSG00000109794.13","FAM149A"," protein_coding","chr4",208.973031433948,-2.58245277974849,0.466331307929545,1.25685264048242e-09,3.07338968768313e-07
"ENSG00000108602.18","ALDH3A1"," protein_coding","chr17",20737.0058493566,-2.52791562359731,0.871209419729812,9.77376636049253e-05,0.00208191181526263
"ENSG00000105388.16","CEACAM5"," protein_coding","chr19",26057.5373765574,-2.52600768956198,0.98837799634397,0.000244467725385043,0.00405735117495995
"ENSG00000091262.16","ABCC6"," protein_coding","chr16",98.2030091794024,-2.5238927739911,0.614685923927236,1.44851717672505e-06,8.72351542489879e-05
"ENSG00000204542.3","C6orf15"," protein_coding","chr6",111.184233729977,-2.50939282662037,0.923982746294383,0.000165330734359029,0.00308517372229963
"ENSG00000158423.17","RIBC1"," protein_coding","chrX",50.7402343808271,-2.5032064887931,0.27649176226047,0.000938471365466112,0.0107908240597054
"ENSG00000228541.1","AC093159.1"," lncRNA","chr2",87.8985149284378,-2.45596541061681,1.27820604012203,0.000930115090752652,0.010723119884405
"ENSG00000108244.17","KRT23"," protein_coding","chr17",3044.31257667068,-2.44870925576761,0.789412768536804,5.47023264633809e-05,0.00136031222790744
"ENSG00000148346.12","LCN2"," protein_coding","chr9",38114.6522302253,-2.36388228575694,0.714185896637794,2.80867274549607e-05,0.000829239409650024
"ENSG00000189377.9","CXCL17"," protein_coding","chr19",6195.86352568463,-2.36154653343866,0.77466635539991,6.50019071681917e-05,0.00153964408310453
"ENSG00000143412.10","ANXA9"," protein_coding","chr1",868.941018631413,-2.35736751845284,0.56656418400903,1.13036809721471e-06,7.22224473541829e-05
"ENSG00000065717.15","TLE2"," protein_coding","chr19",1347.22018799578,-2.31801435743915,0.483678763437161,6.39106297213596e-08,7.25266411087951e-06
"ENSG00000079385.23","CEACAM1"," protein_coding","chr19",4241.20996172287,-2.30152290345021,0.515438697824628,2.95251263488729e-07,2.41402114730657e-05
"ENSG00000253368.4","TRNP1"," protein_coding","chr1",2668.20052798904,-2.29197965385596,0.643877373771687,1.19763921670233e-05,0.000445916823469357
"ENSG00000285873.1","AL445253.1"," lncRNA","chr1",63.6360229827633,-2.27077929591894,0.468033327603388,4.44805666164086e-08,5.49913606709283e-06
"ENSG00000173013.6","CCDC96"," protein_coding","chr4",91.1946122639757,-2.26292405408438,0.26528858635817,0.00188884232263943,0.01758635663913
"ENSG00000166816.15","LDHD"," protein_coding","chr16",754.606968841628,-2.2342525165637,0.559739770281889,2.29997932656914e-06,0.000126490544772057
"ENSG00000168309.18","FAM107A"," protein_coding","chr3",832.053859765029,-2.2151930248373,0.634452328014976,1.55390043689265e-05,0.000543204298703635
"ENSG00000143416.21","SELENBP1"," protein_coding","chr1",2458.63027933655,-2.20166083647311,0.623759096902943,1.34626855850538e-05,0.000488602910598004
"ENSG00000257017.9","HP"," protein_coding","chr16",188.633058600442,-2.18319544250583,1.38672783667785,0.00160201906686676,0.0156327228644174
"ENSG00000189143.9","CLDN4"," protein_coding","chr7",22977.1968861319,-2.16988889020219,0.525901384743609,1.31034533435173e-06,8.08347518329394e-05
"ENSG00000149260.18","CAPN5"," protein_coding","chr11",2612.90794803783,-2.16611138018279,0.604955704739058,1.16955179415011e-05,0.00043913060142577
"ENSG00000225028.1","AC096541.1"," lncRNA","chr1",4.1565864811865,-2.16044537426778,0.98229805724652,0.00074996212854417,0.0092081543057787
"ENSG00000230825.2","AC005532.1"," lncRNA","chr7",34.1419719233707,-2.15399455477794,0.698818136989791,6.23450440542352e-05,0.00149889314215135
"ENSG00000263155.6","MYZAP"," protein_coding","chr15",310.602338112871,-2.13423672234492,0.652056987789959,3.30517376867212e-05,0.000934997388308007
"ENSG00000115255.12","REEP6"," protein_coding","chr19",687.987693875198,-2.11790624125397,0.353785854395977,5.7136431628279e-05,0.00141160868814854
"ENSG00000166920.13","C15orf48"," protein_coding","chr15",813.736240925856,-2.09758648965392,0.661820893956166,4.63473151445107e-05,0.00120223733160024
"ENSG00000188277.10","C15orf62"," protein_coding","chr15",742.363190678689,-2.09323703197643,0.633580238688698,2.98082189302925e-05,0.000866689638935934
"ENSG00000124107.5","SLPI"," protein_coding","chr20",69454.4604148649,-2.08749031266066,0.743749912299471,0.000134835444958749,0.00265788536300812
"ENSG00000141854.9","MISP3"," protein_coding","chr19",248.392955832511,-2.07263074589864,0.393082822591614,5.35101299585433e-09,1.03656279135616e-06
"ENSG00000183742.13","MACC1"," protein_coding","chr7",1934.50348934079,-2.06388453840942,0.5609296958554,7.76803577209885e-06,0.000328580350398946
"ENSG00000149654.11","CDH22"," protein_coding","chr20",121.088019975128,-2.05791769901098,0.865988729838087,0.000410510396066793,0.00596836707453065
"ENSG00000091137.14","SLC26A4"," protein_coding","chr7",85.7232001080801,-2.04500676692807,0.839889861917289,0.000360657743003828,0.00541663404344465
"ENSG00000137501.17","SYTL2"," protein_coding","chr11",1226.61864687536,-2.03808459403489,0.822868873628822,0.000322466101857963,0.0049670581737545
"ENSG00000145864.14","GABRB2"," protein_coding","chr5",13.7586728633614,-2.03730141353646,0.746548354904763,6.69705476312817e-05,0.00156797624502633
"ENSG00000196352.16","CD55"," protein_coding","chr1",6340.28933238011,-2.017785753916,0.434143604205969,1.27944816298074e-07,1.26748719806949e-05
"ENSG00000159212.13","CLIC6"," protein_coding","chr21",1078.91148606407,-2.01163649520804,0.725134497014204,0.000150958461709662,0.00288098779068522
"ENSG00000189283.10","FHIT"," protein_coding","chr3",187.388225150296,-1.9821073499377,0.405067716662753,4.00130370732862e-08,5.04944604360934e-06
"ENSG00000178821.13","TMEM52"," protein_coding","chr1",153.436665349452,-1.97489597191118,0.519743218086096,4.97715832943207e-06,0.000228311185932153
"ENSG00000138771.16","SHROOM3"," protein_coding","chr4",2468.11263265253,-1.97160411506637,0.44043795439782,2.90817850191285e-07,2.3904441291534e-05
"ENSG00000172478.18","MAB21L4"," protein_coding","chr2",6250.75469371468,-1.96760988310595,1.0373499248606,0.00105002708803122,0.0116698068910958
"ENSG00000112699.11","GMDS"," protein_coding","chr6",2453.78013197894,-1.9482986635055,0.283625450930295,2.80685677992857e-13,2.84549784159892e-10
"ENSG00000070193.5","FGF10"," protein_coding","chr5",147.577135845173,-1.9455785309278,0.918466940416206,0.000718788411835455,0.00891174560503535
"ENSG00000225526.5","MKRN2OS"," protein_coding","chr3",119.26361322265,-1.94435187189474,0.447231209045403,5.1097082965616e-07,3.78886365363324e-05
"ENSG00000215045.8","GRID2IP"," protein_coding","chr7",38.3470736729391,-1.9333616695197,0.507455665497372,5.14512671157078e-06,0.000234953061079583
"ENSG00000246375.3","PPM1K-DT"," lncRNA","chr4",19.4021388986879,-1.9298781438148,0.766227967072369,0.000304768977812632,0.00478345054852383
"ENSG00000186352.9","ANKRD37"," protein_coding","chr4",366.643951299722,-1.91924571147228,0.464642362594795,1.31744467874268e-06,8.11081882886665e-05
"ENSG00000120756.13","PLS1"," protein_coding","chr3",1145.44187310072,-1.91473603476453,0.557816082721891,1.94785885045095e-05,0.00064001595094992
"ENSG00000025039.15","RRAGD"," protein_coding","chr6",2551.06041042646,-1.8806457616983,0.415755057693083,2.31222238767046e-07,1.97532638978151e-05
"ENSG00000156049.7","GNA14"," protein_coding","chr9",194.133987929268,-1.86113422474582,0.697275557547917,0.000205879630533387,0.00359253715137388
"ENSG00000144460.12","NYAP2"," protein_coding","chr2",13.6283847121689,-1.84346780817164,0.729323277794828,0.00031903276694612,0.00494129468798599
"ENSG00000168447.11","SCNN1B"," protein_coding","chr16",4331.00445335168,-1.82553559147073,0.694494177611222,0.000226364613661372,0.00385682184609709
"ENSG00000262188.2","LINC01978"," lncRNA","chr17",14.1984361639922,-1.80323141626691,1.10958264636021,0.00162301330062362,0.0157601224495103
"ENSG00000171476.22","HOPX"," protein_coding","chr4",20273.8882665124,-1.80234206546787,0.935556691971386,0.00102852980827739,0.0114917990665467
"ENSG00000234478.1","ACBD3-AS1"," lncRNA","chr1",32.3864482745527,-1.78186826259097,0.64182245144853,0.00016257838380906,0.00305577359458188
"ENSG00000053918.18","KCNQ1"," protein_coding","chr11",534.200987534074,-1.7816842495009,0.784266328830428,0.000535324977746565,0.00723271370422314
"ENSG00000227959.1","AL451042.2"," lncRNA","chr1",67.1482527365522,-1.76397146689611,0.585187474282822,7.65098516922552e-05,0.00173584297504442
"ENSG00000152642.11","GPD1L"," protein_coding","chr3",2160.85047227726,-1.76211048009294,0.287298033771395,3.65978316990871e-11,1.56101314568141e-08
"ENSG00000173432.12","SAA1"," protein_coding","chr11",5004.81899733199,-1.76158011548923,1.34916182698064,0.00229825274544655,0.0201521873447664
"ENSG00000159387.8","IRX6"," protein_coding","chr16",58.9595938124243,-1.73422088827407,0.66835673581769,0.00500504163130746,0.0348325700533075
"ENSG00000111404.7","RERGL"," protein_coding","chr12",16.8564892720185,-1.73220091591754,0.868138045945165,0.000960353943799344,0.0109472430632569
"ENSG00000185432.12","METTL7A"," protein_coding","chr12",4001.29022358605,-1.72698506233978,0.456484445631396,5.40151894195965e-06,0.000243733524602105
"ENSG00000114805.18","PLCH1"," protein_coding","chr3",166.259040583436,-1.72461630004422,0.961153303070918,0.00132770413670577,0.0137205116920261
"ENSG00000166347.19","CYB5A"," protein_coding","chr18",1966.24280957869,-1.71676009890369,0.540879066553443,4.69435453956614e-05,0.00121402554942028
"ENSG00000180287.17","PLD5"," protein_coding","chr1",31.4663330977653,-1.71434297204042,0.864836285404136,0.000991175382701441,0.0112228655674233
"ENSG00000166979.13","EVA1C"," protein_coding","chr21",1762.3401610387,-1.71367876137245,0.284201917372014,5.64829141882618e-11,2.17444920152861e-08
"ENSG00000181856.15","SLC2A4"," protein_coding","chr17",360.9302277784,-1.71340364928951,0.862298085967725,0.000948347871186994,0.0108528443056566
"ENSG00000172738.12","TMEM217"," protein_coding","chr6",68.5254756028149,-1.70645679055203,0.365977904386976,1.1843419970516e-07,1.19675884846497e-05
"ENSG00000242550.6","SERPINB10"," protein_coding","chr18",39.0555896844101,-1.70448967316189,1.08609408658605,0.00188710734268243,0.0175781303562024
"ENSG00000102362.15","SYTL4"," protein_coding","chrX",296.264776479473,-1.70199739088807,0.518118052958918,3.30798405227835e-05,0.000934997388308007
"ENSG00000272482.1","AC254633.1"," lncRNA","chr1",22.9471997247052,-1.69769830862523,0.665502708307104,0.000300524463724764,0.00473322139578521
"ENSG00000134463.15","ECHDC3"," protein_coding","chr10",1126.83964862446,-1.69610031805998,0.409159601186906,1.25113091288084e-06,7.80006751363019e-05
"ENSG00000172927.8","MYEOV"," protein_coding","chr11",569.016787072467,-1.69600539444,0.74066021416848,0.000519699206211265,0.00707186217382694
"ENSG00000281386.1","AP003500.1"," lncRNA","chr11",37.7154350457039,-1.6918198460141,0.95472982346518,0.00140189773846798,0.0142595036521828
"ENSG00000135917.16","SLC19A3"," protein_coding","chr2",140.016502737938,-1.67999843077189,0.825753507342076,0.000878539771242074,0.0102765500241482
"ENSG00000080224.17","EPHA6"," protein_coding","chr3",15.8441453311444,-1.67327265179072,1.04859361881121,0.00196659399564455,0.018096830011963
"ENSG00000258818.4","RNASE4"," protein_coding","chr14",12.8827267824179,-1.66816576333713,0.621204700428711,0.000220361961307889,0.003779959576569
"ENSG00000130005.13","GAMT"," protein_coding","chr19",1169.58476809204,-1.65071195525255,0.488359085047677,2.39452065335804e-05,0.000737837453197346
"ENSG00000283633.1","AP000547.3"," lncRNA","chr22",88.4807795038865,-1.62922439023867,0.88506542571491,0.00125584109569034,0.0132204552589928
"ENSG00000143153.13","ATP1B1"," protein_coding","chr1",14342.5856845367,-1.61909135457296,0.35639803319306,2.15752707642686e-07,1.88554226940718e-05
"ENSG00000182195.9","LDOC1"," protein_coding","chrX",977.065613023889,-1.61687615948768,0.53249692744534,7.32079114676931e-05,0.00167091404877073
"ENSG00000163704.12","PRRT3"," protein_coding","chr3",258.043197522409,-1.61611567102267,0.596155835657777,0.000189215911067975,0.00338706504020619
"ENSG00000182508.14","LHFPL1"," protein_coding","chrX",22.5503146905754,-1.61302655748019,1.02211745048981,0.00198104406541494,0.0181543508912781
"ENSG00000008394.13","MGST1"," protein_coding","chr12",4253.63172392568,-1.59547171763977,1.04119517453217,0.00190587975868386,0.0177150125613852
"ENSG00000125246.15","CLYBL"," protein_coding","chr13",211.247777084717,-1.59293703159527,0.310068379480369,1.13667857667521e-08,1.82704566072548e-06
"ENSG00000178467.18","P4HTM"," protein_coding","chr3",800.902915985081,-1.59120581369255,0.461023982168671,1.8702645986786e-05,0.000623005008100901
"ENSG00000086544.3","ITPKC"," protein_coding","chr19",8650.67677469492,-1.58658497539627,0.416924075449669,4.93630952534785e-06,0.000227122513758554
"ENSG00000167861.16","HID1"," protein_coding","chr17",874.21346878266,-1.58336681503624,0.830578338040092,0.00111806413640302,0.0121528536742048
"ENSG00000243566.7","UPK3B"," protein_coding","chr7",1314.49184899723,-1.58218267214071,0.907400300415565,0.00144665142084428,0.014577065245853
"ENSG00000188573.8","FBLL1"," protein_coding","chr5",14.0218958689262,-1.57477237395274,0.738263549917874,0.000698498099336292,0.00874214925724882
"ENSG00000171766.17","GATM"," protein_coding","chr15",1764.67754782399,-1.57451440258489,0.663933685662979,0.000432045809135048,0.00619510098690439
"ENSG00000070081.17","NUCB2"," protein_coding","chr11",5654.09957862141,-1.57418050342686,0.362006008670724,5.86916581822769e-07,4.20626684989048e-05
"ENSG00000099864.18","PALM"," protein_coding","chr19",862.461216799735,-1.57214645608591,0.540340776025194,0.000107696771445669,0.00223287667662782
"ENSG00000128016.7","ZFP36"," protein_coding","chr19",28997.3612926822,-1.57124028553747,0.403656504053773,3.53889668665851e-06,0.000178488333219478
"ENSG00000184845.4","DRD1"," protein_coding","chr5",14.693343456039,-1.56536812086735,0.685111640313742,0.000543960636704995,0.0073114112711111
"ENSG00000267421.6","AC005498.2"," lncRNA","chr19",4.7555151321129,-1.55948658908923,0.861130068100637,0.0015713171314242,0.0154455293852632
"ENSG00000107281.10","NPDC1"," protein_coding","chr9",994.504990073796,-1.55883650082542,0.488730520225035,4.51448351819214e-05,0.00118157476109103
"ENSG00000268104.3","SLC6A14"," protein_coding","chrX",2400.16891906473,-1.5516809105597,1.37313532327302,0.00277346409506083,0.0231284243276899
"ENSG00000143867.7","OSR1"," protein_coding","chr2",312.572290802485,-1.54676322181588,0.87213036730508,0.00140178284288081,0.0142595036521828
"ENSG00000205502.4","C2CD4B"," protein_coding","chr15",82.3132197276333,-1.53461114342129,0.526176933275665,0.000108179788050619,0.00223814414556699
"ENSG00000121413.13","ZSCAN18"," protein_coding","chr19",452.709919307458,-1.53211861374454,0.517826456423784,9.37301620481011e-05,0.00201602312515495
"ENSG00000184254.17","ALDH1A3"," protein_coding","chr15",1707.6701967545,-1.53075516646681,0.56593449756068,0.000191650161179623,0.0034193720866362
"ENSG00000106686.16","SPATA6L"," protein_coding","chr9",68.7665937388085,-1.51560140449855,0.511195856912617,9.59150886542332e-05,0.00205571923272811
"ENSG00000006747.15","SCIN"," protein_coding","chr7",1075.74358654334,-1.51558977692648,1.01405973399177,0.00203721203772943,0.0185224901953558
"ENSG00000152931.9","PART1"," lncRNA","chr5",287.500145329077,-1.51421250972059,0.755494728626138,0.000956952639240268,0.0109207507006432
"ENSG00000257084.1","MIR200CHG"," lncRNA","chr12",142.325422708803,-1.50939722350425,0.478964343336109,5.14176252177714e-05,0.00129772965622248
"ENSG00000124839.13","RAB17"," protein_coding","chr2",315.851102713384,-1.49205120546395,0.804070239144538,0.00121759212387942,0.0129114684943194
"ENSG00000106688.12","SLC1A1"," protein_coding","chr9",570.090543645068,-1.49055510931726,0.770541614438286,0.00108465087283078,0.0119174447237725
"ENSG00000069702.11","TGFBR3"," protein_coding","chr1",1519.06717994728,-1.48132997939473,0.599377843600361,0.000350650668397008,0.00529247582032666
"ENSG00000145911.6","N4BP3"," protein_coding","chr5",1272.08734896,-1.47382478476888,0.409437072050598,1.09998755956831e-05,0.000417651955669799
"ENSG00000160460.16","SPTBN4"," protein_coding","chr19",74.2238389169351,-1.47329619007951,0.434809543486791,2.36003319327247e-05,0.000731658404760403
"ENSG00000196353.11","CPNE4"," protein_coding","chr3",15.7642189841748,-1.47257974002606,0.752860140876367,0.00112245402363826,0.0121852876301916
"ENSG00000185015.8","CA13"," protein_coding","chr8",467.064002067301,-1.46868838961039,0.42645563006838,1.9249932664131e-05,0.000636356741428494
"ENSG00000196502.12","SULT1A1"," protein_coding","chr16",239.960528866143,-1.46277425492293,0.765670984335252,0.00114270074639889,0.0123544108781477
"ENSG00000144655.15","CSRNP1"," protein_coding","chr3",3423.42694680515,-1.46183412290608,0.416372473963681,1.51737909700794e-05,0.00053350347372604
"ENSG00000146090.16","RASGEF1C"," protein_coding","chr5",12.5651053301505,-1.45367060417744,0.714874191889085,0.000946965665191824,0.010843398635346
"ENSG00000223254.1","Y_RNA"," misc_RNA","chr1",7.70545280437852,-1.45214531704483,0.678656627612152,0.000802615293544814,0.00964265387715494
"ENSG00000185275.6","CD24P4"," processed_pseudogene","chrY",19.0856417283244,-1.44590213400927,0.744832579986799,0.00107457804180452,0.0118538781231051
"ENSG00000255650.6","FAM222A-AS1"," lncRNA","chr12",6.6902676789002,-1.44579334428675,0.659443021592704,0.000844848185952099,0.00996678350634647
"ENSG00000196542.8","SPTSSB"," protein_coding","chr3",461.286140983092,-1.44071973161914,0.706411172140464,0.000901633774436795,0.0104741741718664
"ENSG00000124249.7","KCNK15"," protein_coding","chr20",39.732753791393,-1.43621956962237,0.595570523999736,0.000405172505415418,0.00591859337521571
"ENSG00000125648.15","SLC25A23"," protein_coding","chr19",4193.08226542897,-1.4315200134799,0.364106144678867,3.0685891181554e-06,0.000160077188422744
"ENSG00000188037.12","CLCN1"," protein_coding","chr7",52.0235839565898,-1.42721396759929,0.75638523125548,0.00116856100856905,0.0125339642900575
"ENSG00000102934.10","PLLP"," protein_coding","chr16",783.753887404172,-1.42614975633283,0.534342603315808,0.000214188836999055,0.00369490930212834
"ENSG00000176153.12","GPX2"," protein_coding","chr14",5355.48602219298,-1.41649305699406,0.690379359215191,0.000877444894857601,0.01027164418295
"ENSG00000106351.13","AGFG2"," protein_coding","chr7",2348.23101305747,-1.41021851635044,0.413998130568946,2.20677016428218e-05,0.000695487057060248
"ENSG00000172201.12","ID4"," protein_coding","chr6",1697.28574881604,-1.4072737410788,0.452946135337683,5.95992837048028e-05,0.00146230132399187
"ENSG00000085871.9","MGST2"," protein_coding","chr4",3092.95556699749,-1.40382785039175,0.262908318558041,3.86035609657395e-09,7.93277094358808e-07
"ENSG00000151729.11","SLC25A4"," protein_coding","chr4",2096.32080421716,-1.40274082509593,0.511029927712548,0.000173535971685617,0.00318897251170676
"ENSG00000128311.14","TST"," protein_coding","chr22",2903.24736505246,-1.40228004646732,0.36595919814345,4.55714773001032e-06,0.000214156848150904
"ENSG00000213860.4","RPL21P75"," processed_pseudogene","chr7",31.9756891416961,-1.39451641803539,0.543834769235449,0.000272181598090019,0.0043984372703038
"ENSG00000072201.14","LNX1"," protein_coding","chr4",968.416714100999,-1.39022952381346,0.456696713956308,7.2925718773156e-05,0.00166884114751542
"ENSG00000182836.10","PLCXD3"," protein_coding","chr5",17.4095670450837,-1.38648915857953,1.06415658748822,0.00272689042605452,0.0228717370456691
"ENSG00000204991.11","SPIRE2"," protein_coding","chr16",440.829403732509,-1.38586553405763,0.517720264345448,0.00021090150067123,0.0036485479749227
"ENSG00000124749.17","COL21A1"," protein_coding","chr6",227.2132742155,-1.36299645178045,0.552110584644995,0.00036184410796872,0.00542908971665155
"ENSG00000145335.17","SNCA"," protein_coding","chr4",413.592290846584,-1.35934213352113,0.572306161054222,0.000447894973773288,0.0063614602645445
"ENSG00000276855.1","AC015922.3"," lncRNA","chr17",114.184783186498,-1.35781508885592,0.66275205649166,0.000905579787231207,0.0105000438325791
"ENSG00000236830.7","CBR3-AS1"," lncRNA","chr21",145.590198357464,-1.34266351392522,0.446420946885415,8.09097449685282e-05,0.00180403817721983
"ENSG00000169908.12","TM4SF1"," protein_coding","chr3",15973.8598246251,-1.34108357246899,0.427774218232409,5.44558705139005e-05,0.0013586270631167
"ENSG00000143819.12","EPHX1"," protein_coding","chr1",6220.5472319042,-1.33863141268531,0.263218608446026,1.20279662848174e-08,1.90524238864663e-06
"ENSG00000133112.17","TPT1"," protein_coding","chr13",68961.005412961,-1.33153758148238,0.20098333519367,8.01394809515491e-13,6.77022787272073e-10
"ENSG00000241656.1","UBA52P7"," processed_pseudogene","chr12",4.48006685742979,-1.33002229457267,0.867363670688139,0.00262669218715442,0.0222799615925581
"ENSG00000269985.1","AL021328.1"," lncRNA","chr6",53.6210070957471,-1.32463204573466,0.98990276240057,0.00252904897837352,0.0216664694589504
"ENSG00000000003.15","TSPAN6"," protein_coding","chrX",3631.08503479419,-1.32296660178727,0.394672144463879,2.68025673046691e-05,0.000797599294948045
"ENSG00000135951.16","TSGA10"," protein_coding","chr2",211.380223901273,-1.31944119144935,0.547236186083932,0.000418790598894226,0.00605355441262838
"ENSG00000251615.3","AC104825.1"," lncRNA","chr4",271.803563596894,-1.31674150382025,0.423795162221779,6.01122079082709e-05,0.00146500171703336
"ENSG00000142765.18","SYTL1"," protein_coding","chr1",4716.88091400414,-1.31363103634082,0.331556974887133,3.14404584289495e-06,0.000163452762769169
"ENSG00000168273.8","SMIM4"," protein_coding","chr3",388.461308539425,-1.30875764974688,0.259074536757753,1.75485933414696e-08,2.60292032278824e-06
"ENSG00000160799.11","CCDC12"," protein_coding","chr3",2273.40296157957,-1.30799607170364,0.228933230687533,4.64900190139397e-10,1.37271936725335e-07
"ENSG00000250479.9","CHCHD10"," protein_coding","chr22",1344.0045103038,-1.29779841122726,0.332437441285565,3.47178225216038e-06,0.000175429437382483
"ENSG00000095637.22","SORBS1"," protein_coding","chr10",1268.751366574,-1.29110164915293,0.596561669897426,0.000715474554920102,0.00887427717731855
"ENSG00000272398.6","CD24"," protein_coding","chr6",48863.6158238062,-1.2830810496474,0.497460228253339,0.000271326500006302,0.00438928342802748
"ENSG00000182853.12","VMO1"," protein_coding","chr17",229.391129757683,-1.27411903452006,0.843781790839184,0.00210638388891813,0.0189587017501235
"ENSG00000213757.3","RPS3AP20"," processed_pseudogene","chr5",139.472410228485,-1.26390960596056,0.350174811116525,1.0671618885139e-05,0.000409276097293483
"ENSG00000074964.17","ARHGEF10L"," protein_coding","chr1",3113.72528615324,-1.26165804926963,0.269629789580643,1.13756037135844e-07,1.16880485047717e-05
"ENSG00000142657.21","PGD"," protein_coding","chr1",20827.8152261997,-1.2523890012668,0.344565454132835,9.74164127905062e-06,0.000386274493115732
"ENSG00000224094.1","RPS24P8"," processed_pseudogene","chr3",33.5624916549378,-1.25013592301887,0.344276175314098,9.55577028136835e-06,0.000381451126454284
"ENSG00000156675.16","RAB11FIP1"," protein_coding","chr8",5192.64133486857,-1.24737425883159,0.580515771487129,0.000701157819453675,0.00876822070848875
"ENSG00000259883.2","EHD4-AS1"," lncRNA","chr15",4.91227829024468,-1.22714022038541,0.681285642903187,0.0016434366430358,0.0158773312022389
"ENSG00000114779.19","ABHD14B"," protein_coding","chr3",2492.66321689274,-1.22539681197398,0.240737265220657,1.46869199633314e-08,2.2789453920653e-06
"ENSG00000197520.10","FAM177B"," protein_coding","chr1",36.5775790713726,-1.22218991106212,0.66596588696258,0.00133132936453271,0.0137393009716774
"ENSG00000156453.14","PCDH1"," protein_coding","chr5",5472.94667612352,-1.21947816312801,0.514190635528839,0.000448438791391696,0.0063614602645445
"ENSG00000165807.8","PPP1R36"," protein_coding","chr14",53.995730999142,-1.21185743993139,1.11802493996493,0.0031987070023122,0.0254598995187964
"ENSG00000176920.13","FUT2"," protein_coding","chr19",3080.46823111892,-1.20981087130754,0.604563152519832,0.000994305488932036,0.011237388641728
"ENSG00000100116.17","GCAT"," protein_coding","chr22",889.70239057631,-1.1882206283931,0.462974347564163,0.000283854134269416,0.00452930523900092
"ENSG00000170545.17","SMAGP"," protein_coding","chr12",1866.10021367485,-1.18440967052618,0.378911091555578,5.67475678012842e-05,0.001404282977657
"ENSG00000183172.9","SMDT1"," protein_coding","chr22",1953.56380141643,-1.18293153424048,0.241524600698578,3.89811317006749e-08,4.96038978415325e-06
"ENSG00000269313.5","MAGIX"," protein_coding","chrX",231.780355824745,-1.16970159602354,0.361403333405788,4.00196115287517e-05,0.00108477401552934
"ENSG00000188846.14","RPL14"," protein_coding","chr3",25054.5921839349,-1.16767517318673,0.226212047438072,1.00084688872997e-08,1.64533818524025e-06
"ENSG00000262902.1","MTCO1P40"," processed_pseudogene","chr17",35.080856589753,-1.1657184516691,0.325406901929888,1.14282560153846e-05,0.000430690892436048
"ENSG00000057294.15","PKP2"," protein_coding","chr12",2200.73648746094,-1.15898272896679,0.66286954650766,0.001524572459203,0.0151525562750787
"ENSG00000243069.8","ARHGEF26-AS1"," lncRNA","chr3",39.4559855752409,-1.15894774051712,0.968355761483183,0.00305564029162197,0.0247223166238625
"ENSG00000060762.19","MPC1"," protein_coding","chr6",1442.9687691473,-1.15778419683249,0.254933022193316,2.16910497955817e-07,1.89022893247286e-05
"ENSG00000151498.12","ACAD8"," protein_coding","chr11",889.373521176647,-1.15180789547591,0.227430056971806,0.00365179437204094,0.0279260805222231
"ENSG00000234618.1","RPSAP9"," processed_pseudogene","chr9",24.7521988668892,-1.14987297520923,0.417754309461486,0.000166597047535563,0.00310288908366145
"ENSG00000184557.4","SOCS3"," protein_coding","chr17",10743.4621000056,-1.14157074475696,0.432840741362118,0.000236925610920822,0.00399218879512697
"ENSG00000072778.20","ACADVL"," protein_coding","chr17",15095.0021827605,-1.1372253673832,0.210701457574868,2.8111028326608e-09,6.0634092517527e-07
"ENSG00000119986.7","AVPI1"," protein_coding","chr10",1764.27119857574,-1.13336758838117,0.4070319049274,0.000158879988304125,0.00300311813815621
"ENSG00000135373.13","EHF"," protein_coding","chr11",22641.7371530635,-1.13153299084337,0.393404589039618,0.000121958400598989,0.00244988166275894
"ENSG00000273045.7","C2orf15"," protein_coding","chr2",54.3049029005521,-1.11574954249321,0.441879545764572,0.000337792079773796,0.00514692911931887
"ENSG00000182795.13","C1orf116"," protein_coding","chr1",11663.5472019694,-1.11378576145121,0.766313245846539,0.00229526598306066,0.0201401974445539
"ENSG00000129595.14","EPB41L4A"," protein_coding","chr5",435.385964658324,-1.11193624300108,0.457510577673131,0.000404045109890939,0.00590496104138064
"ENSG00000134324.12","LPIN1"," protein_coding","chr2",2029.4396716694,-1.10586671647523,0.34722420759293,4.73392787135401e-05,0.00122218122539465
"ENSG00000007255.10","TRAPPC6A"," protein_coding","chr19",756.859080320286,-1.09775633750608,0.434938043567608,0.000320003471240931,0.00494475880117567
"ENSG00000078804.13","TP53INP2"," protein_coding","chr20",5903.98568313445,-1.09457576045669,0.516416732838669,0.000799779458787133,0.0096217138766191
"ENSG00000169020.10","ATP5ME"," protein_coding","chr4",468.121872482556,-1.09081676314671,0.513599940709099,0.000793936789360466,0.00958698424042905
"ENSG00000162244.12","RPL29"," protein_coding","chr3",31142.649635391,-1.08763332088616,0.342548837340998,4.36388037666444e-05,0.00115307292698085
"ENSG00000127418.15","FGFRL1"," protein_coding","chr4",814.815402265588,-1.08288140488991,0.399526564871931,0.000196710425720945,0.00347217305713934
"ENSG00000119514.7","GALNT12"," protein_coding","chr9",723.920201803432,-1.08099816285276,0.837828052700644,0.0027509925504226,0.0230104335632571
"ENSG00000127184.13","COX7C"," protein_coding","chr5",8973.58393351031,-1.0804948976253,0.169773973402939,9.08980818297801e-12,5.02633338670746e-09
"ENSG00000159921.19","GNE"," protein_coding","chr9",2304.99292392592,-1.0741742401115,0.905685220838883,0.00299603008065592,0.0243762072881189
"ENSG00000122359.18","ANXA11"," protein_coding","chr10",15829.6802692351,-1.07239598482709,0.317768596130036,2.50253827567974e-05,0.000764394996932569
"ENSG00000197892.13","KIF13B"," protein_coding","chr8",2634.94137976916,-1.05775671291496,0.47868593773982,0.000662228340128194,0.00840582241582586
"ENSG00000175806.15","MSRA"," protein_coding","chr8",529.57641840094,-1.05504742455517,0.254656551058514,1.29798457373607e-06,8.02349691890956e-05
"ENSG00000144366.16","GULP1"," protein_coding","chr2",614.336225961098,-1.05205590921319,0.662602744312169,0.00198320944020077,0.018160583691407
"ENSG00000117013.17","KCNQ4"," protein_coding","chr1",85.9993331091465,-1.04866837327898,0.517143783202278,0.000977136306793896,0.011092813176007
"ENSG00000241837.7","ATP5PO"," protein_coding","chr21",1166.29510426237,-1.04722017791566,0.265889560850605,3.01969671728154e-06,0.000158068909230092
"ENSG00000107537.14","PHYH"," protein_coding","chr10",782.711703205555,-1.04683989856097,0.464670867265178,0.000607689167955953,0.00790151802695357
"ENSG00000034152.19","MAP2K3"," protein_coding","chr17",5365.68871689772,-1.0418796506519,0.21146195321269,3.33946710205708e-08,4.30352597351111e-06
"ENSG00000213722.10","DDAH2"," protein_coding","chr6",2503.45329752509,-1.03936541925878,0.336073361557057,6.38271924326379e-05,0.00152062586109007
"ENSG00000144451.19","SPAG16"," protein_coding","chr2",690.77558673525,-1.03837909561378,0.489583774097196,0.000806616702613486,0.00967717308740984
"ENSG00000196177.13","ACADSB"," protein_coding","chr10",1055.85725149389,-1.03011285213792,0.337484331718522,7.29000785350465e-05,0.00166884114751542
"ENSG00000278535.5","DHRS11"," protein_coding","chr17",545.201681008004,-1.02971433017161,0.309298223527672,3.02097247399716e-05,0.00087747460329075
"ENSG00000272143.1","FGF14-AS2"," lncRNA","chr13",55.1995258091885,-1.02091577399169,0.76478818004034,0.00274183756256354,0.0229654381135348
"ENSG00000099849.15","RASSF7"," protein_coding","chr11",1571.517647617,-1.01873038253129,0.358504322896184,0.000134691263068322,0.00265788536300812
"ENSG00000197019.5","SERTAD1"," protein_coding","chr19",2180.41430018628,-1.01583506029616,0.332985769746243,9.04311774158157e-05,0.00196168573377119
"ENSG00000089220.5","PEBP1"," protein_coding","chr12",13237.3084358644,-1.01187857805944,0.201578373155992,2.09660046722832e-08,2.96576325627045e-06
"ENSG00000152234.16","ATP5F1A"," protein_coding","chr18",27004.9942883344,-1.0111531195748,0.169921352686854,6.82056626205917e-11,2.49920339431332e-08
"ENSG00000144713.13","RPL32"," protein_coding","chr3",40477.8680419414,-1.00999779308953,0.341597561880906,9.68487859486144e-05,0.0020684425049545
"ENSG00000133315.12","MACROD1"," protein_coding","chr11",963.356013914005,-1.00802501290216,0.447468943265874,0.000610294694847546,0.00792117653633582
"ENSG00000073350.14","LLGL2"," protein_coding","chr17",4402.76901342651,-1.00728976804569,0.337461258691541,8.92800445029463e-05,0.00194225607544214
"ENSG00000134243.12","SORT1"," protein_coding","chr1",6243.01890172481,-1.00125067836871,0.296980710998311,2.56637945168533e-05,0.000775857835627297
"ENSG00000165929.13","TC2N"," protein_coding","chr14",2922.89483013769,-1.00084535942982,0.430400180948264,0.000515880065910756,0.00704827513231977
